{
      "request_id": "fb0a7c1f-2cf7-4310-bd27-8ba7737362fe",
      "start_latitude": 37.761492,
      "start_longitude": -122.423941,
      "end_latitude": 37.775393,
      "end_longitude": -122.417546
}